"Fecha","Indice_total","Total_Fertilizantes","Total_Plaguicidas","Total_Otros","Total_Simples","Total_Compuestos","Total_Herbicidas","Total_Fungicidas","Total_Insecticidas","Urea 46%","Urea sulfato","DAP 18-46","KCL 0-0-60","SAM","15-15-15","25-4-24","17-6-18-2","18-18-18","31-8-8","12-24-12","13-26-6","15-4-23","10-20-30","28-4-0-6","Glifosato","Paraquat","Propanil","2,4-D + picloram","2,4-D","Aminopiralid + 2,4-D","Diuron","Glufosinato de amonio","Picloram","Oxadiazon","Metsulfuron metil","Pendimetalin","Clorotalonil","Difenoconazol","Mancozeb","Mancozeb + cimoxanil","Azoxistrobin + difenoconazol","Dimetomorf","Tebuconazol + trifloxistrobin","Propineb + fluopicolide","Mancozeb + metalaxil-m","Clorpirifos","Fipronil","Metomil","Tiametoxam + lambdacihalotrina","Abamectina","Imidacloprid","Profenofos + cipermetrina","Cipermetrina","Profenofos","Total_Coadyuvantes","Total_Reguladores","Total_Molusquicidas"
"09/2025","147.05","165.71","117.63","129.3","164.08","166.73","119","112.61","117.15","171.39","154.71","207.71","141.12","136.28","160.64","160.95","160.18","176.42","172.15","182.51","182.08","167.95","160.47","146.81","126.68","112.96","132.23","119.99","113.35","146.47","117.21","81.37","100.38","97.45","72.91","115.71","88.38","94.71","147.02","120.77","128.47","92.93","120.75","134.94","123.87","0","0","121.46","80.13","98.74","86.09","125.62","120.52","141.4","129.82","125.63","179.14"
"08/2025","145.32","162.85","117.73","129.23","160.88","164.16","119.19","112.7","117.05","165.37","152.24","205.89","140.44","136.88","160.71","143.42","159.9","180.82","168.61","188.01","181.87","171.97","161.01","146.57","124.51","113.97","134.46","121.49","113.43","146.07","115.31","83.02","102.98","98.46","76.05","115.98","88.31","94.64","147.59","120.21","129.23","93.76","121.04","134.61","123.49","0","0","120.12","81.08","99.58","86.37","125.46","120.61","138.67","129.84","125.29","179.05"
"07/2025","146.43","164.22","118.43","128.96","159.32","167.92","120.5","112.92","116.74","164.47","149.9","203.6","136.84","138.4","162.32","156.34","160.19","176.04","183.39","191.29","181.39","173.1","161.3","145.86","126.81","112.13","137.23","120.64","113.38","147.3","116.68","83.23","116.65","98.85","76.43","116.72","88.32","94.47","147.32","120.92","129.54","95.66","120.78","134.42","124.27","0","0","119.41","80.76","99.18","86.29","125.18","121.2","138.79","129.41","125.37","186.77"
"06/2025","146.35","163.54","119.33","128.56","156.94","168.63","122.06","112.96","117.04","161.29","146.66","199.96","136.26","138.27","161.95","168.71","161.6","175.71","162.77","189.23","180.34","173.83","160.85","148.11","125.97","123.59","136.71","120.95","118.08","145.93","118.09","83.17","110.48","99.8","73.58","117.22","88.71","95.94","147.87","120.1","128.52","94.32","120.8","133.48","124","0","0","119.23","81.25","99.1","86.6","125.04","123.54","138.28","128.73","125.86","186.38"
"05/2025","145.31","161.79","119.43","128.26","156.82","165.55","122","113.07","117.56","160.69","148.25","198.03","135.54","140.4","163.72","152.93","161.81","171.93","163.97","190.06","177.67","171.58","159.82","153.61","126.55","120.17","133.35","121.03","115.87","146.96","119.77","85.78","125.59","99.47","73.08","116.93","88.51","95.53","148.14","120.26","128.51","96.41","120.99","134.02","123.71","0","0","119.28","81.61","99.43","89.89","124.53","122.89","138.57","128.76","124.5","185.09"
"04/2025","145.67","161.94","120.16","127.02","156.01","166.49","123.46","113.06","117.33","158.87","147.86","195.02","134.77","144.72","164.04","155.29","163.04","171.73","165.92","190.04","178.59","172.66","158.92","154.75","126.47","119.74","133.76","122.93","124.13","145.43","119.53","88.35","131.61","101.01","82.2","117.09","88.59","95.82","148.37","120.48","128.61","95.47","120.31","133.48","123.89","0","0","119.22","81.32","98.8","90.23","124.62","122.64","137.79","127.24","124.02","190.94"
"03/2025","145.51","161.63","120.24","127.01","155.57","166.28","123.41","113.06","117.86","158.22","144.93","192.24","138.14","143.92","164.46","150.85","163.25","175.17","165.95","192.53","178.78","171.47","157.29","158.21","127.89","120.4","133.61","123.92","117.61","146.09","120.2","87.53","126.63","100.82","83.4","117.79","88.02","97.22","149.39","120.95","127.33","94.15","120.72","133.51","123.71","0","0","120.4","81.44","99.34","89.27","124.25","124.78","138.82","127.42","123.47","187.56"
"02/2025","144.66","159.9","120.83","125.73","151.84","166.18","124.14","112.97","119.06","150.51","144.32","192.05","136.7","143.49","164.19","161.29","160.97","167.89","159.66","190.4","177.85","171.02","155.74","155.01","128.47","120.59","137.34","123.29","117.89","144.96","121.82","90.43","127.81","100.97","83.13","116.57","87.21","97.84","148.62","124.2","126.64","92.37","120.88","133.15","123.5","0","0","120.17","81.99","99.1","97.12","125.11","124.31","139","126.19","122.09","184.89"
"01/2025","141.58","154.76","121.08","125.35","147.13","160.7","124.79","112.51","119.23","146.56","138.52","183.05","134.2","137.96","161.7","147.82","157.82","163.93","162.35","187.63","170.92","166.07","145.78","146.02","129.86","120.02","142.19","123.68","119.69","144.73","120.04","88.38","124.14","101","83.54","117.05","86.15","98.66","145.92","124.49","125.61","93.68","120.66","133.32","122.73","0","0","119.86","82.8","99.2","98.22","124.66","122.93","139.24","125.9","121.4","183.73"
"12/2024","139.76","151.94","120.88","125.39","143.98","158.16","124.46","112.45","119.21","142.78","134.83","182.42","131.24","135.36","161.75","145.92","152.59","158.01","164.88","185.78","164.93","163.81","142.01","142.45","129.36","119.75","137.2","124.45","121.5","144.75","121.63","88.16","124","99.75","87.17","117.29","85.26","97.63","147.32","125.78","126.1","95.24","119.83","132.39","123.3","0","0","120.26","82","99.23","98.38","124.45","123.52","139.94","125.77","121.92","188.5"
"11/2024","137.83","148.65","121.16","125.4","140.69","154.87","124.65","113.01","119.3","140.04","131.2","177.68","129.25","129.87","154.14","147.45","148.76","157.17","153.62","177.91","165.51","159.11","142.6","148.73","128.47","119.72","141.82","126.1","119.05","145.87","121.56","91.45","123.11","100.03","81.42","117.62","85.57","99.24","147.85","126.52","125.74","96.39","119.81","133.11","122.98","0","0","119.77","83.47","98.62","98.95","124.35","122.22","139.15","125.86","121.58","191.17"
"10/2024","136.96","146.68","122.06","125.65","139.39","152.36","125.65","113.76","120.07","139.88","130.11","174.79","128.27","125.14","152.5","146.1","145.95","154.58","146.23","174.87","164.42","155.77","142.92","144.69","129.55","119.65","141.46","127.06","118.78","145.99","122.31","93.14","133.86","102.38","82.53","117.8","85.88","100.02","150.67","127.75","125.74","97.34","119.85","133.47","123.29","0","0","119.88","84.92","99.21","99.42","124.13","121.92","141.62","125.87","122.5","197.19"
"09/2024","136.21","145.19","122.54","125.83","136.05","152.39","126.61","113.94","119.69","134.34","128.76","171.12","129.88","119.03","151.38","149.73","146.31","154.06","149.17","171.1","162.63","154.4","142.92","140.46","130.48","120.37","143.29","129.73","119.92","146.43","122.81","98.32","126.63","99.77","85.52","118.84","85.7","102.17","150.05","128.13","125.24","96.62","119.87","132.98","123.71","0","0","120.38","85.62","99.03","94.8","123.05","124.53","139.41","125.86","123.27","199.83"
"08/2024","135.92","143.58","124.39","125.28","134.98","150.34","128.84","116.1","120.03","133.55","128.48","167.57","129.94","116.39","146.92","146.19","142.74","154.28","151.79","169.5","163.4","151.33","141.72","140.57","135.45","123.35","142.95","132.68","118.6","146.57","124.9","106.89","120.08","99.32","86.34","119.28","89.41","102.74","152.67","131.22","125.15","103.37","119.85","132.45","122.68","0","130.94","121.36","85.66","99.05","95.81","124.14","122.6","139.52","125.14","123.35","196.15"
"07/2024","135.82","142.58","125.69","126.03","134.94","148.55","130.56","116.9","120.97","132.44","127.91","167.96","133.18","114.7","147.81","147.83","139.71","152.45","145.2","163.39","161.81","146.76","140.31","137.09","137.64","126.28","142.9","134.23","124.48","146.45","126.7","100.98","128.98","100","84.14","120.28","90.1","103.57","152.63","132.42","125.38","107.21","119.51","132.36","123.61","0","131.34","122.39","87.7","99.84","95.09","123.93","123.78","141.29","126.07","123.5","196.49"
"06/2024","134.78","139.81","127.31","125.65","133.37","144.81","134.23","117.58","119.34","131.59","127.33","165.28","129.88","113.41","144.49","140.72","135.71","150.64","145.03","161.68","154.8","142.92","138.49","133.59","142.38","131.66","144.71","135.85","123.19","147.93","127.47","108.71","150.63","99.93","84","119.55","90.47","105.07","155.15","134.63","125.03","105.3","119.39","132.6","123.78","0","121.42","122.09","88.82","99.76","95.63","123.83","125.22","144.68","125.55","123.55","197.23"
"05/2024","134.75","139.13","128.29","125.65","134.21","142.88","136.43","117.67","118.73","130.85","128.06","166.66","132.9","115.76","146.36","134.18","134.35","148.5","136.99","164.77","155.09","143.41","137.87","128.81","144.98","133.46","146.31","137.73","125.54","148.58","134.09","104.54","160.3","99.79","89.1","117.62","90.87","104","155.74","134.02","123.92","107.57","119.71","133.67","124.14","0","115.24","122.57","89.67","100.52","98.92","124.4","124.2","145.56","125.52","123.7","196.04"
"04/2024","137.63","142.29","130.74","125.82","137.31","146.1","140.21","119.02","119.6","133.69","131.43","168.41","136.4","119.75","148.55","133.89","137.36","149.65","147.41","170.28","159.18","146.52","137.64","141.44","150.37","135.15","147.46","141.49","135.32","150.39","137.39","112.29","161.41","99.61","91.71","119.01","91.52","105.51","156.97","138.57","123.98","111.2","119.43","133.38","125.05","0","115.94","123.36","91.01","100.8","98.62","124.37","126.35","147.38","125.69","123.93","193.27"
"03/2024","140.63","146.34","132.11","125.67","141.65","149.9","142.76","118.91","120.1","139.62","132.11","170.52","140.99","124.41","148.79","137.33","142.69","154.14","152.46","175.51","165","151.61","142.87","144.03","155.72","138.27","146.27","143.18","140.62","150.42","139.37","112.56","158.67","100.6","93.3","122.32","90.52","106.44","157.02","137.74","123.57","113.39","119.37","133","125.19","0","115.53","122.85","91.57","102.49","101.15","123.7","128.23","147.51","125.49","123.91","195.79"
"02/2024","144.01","150.53","134.26","125.74","144.93","154.83","146.2","119.89","120.81","142.79","134.36","172.11","146.57","126.71","154.13","149.53","146.27","157.98","152.26","179.29","162.24","159.75","144.12","148.21","161.35","142.64","146.3","143.38","145.07","151.02","140.92","122.66","163.96","101.88","92.46","123.43","92.6","107.31","158.02","139.5","123.35","113.69","119.12","132.52","125.07","0","116.22","123.01","92.54","102.7","101.91","123.58","129.29","149.82","125.45","124.31","194.61"
"01/2024","146.01","152.81","135.83","125.5","147.29","157.03","148.58","120.94","121.21","144.21","135.82","174.64","151.21","129.34","153.37","153.58","149.38","159.74","153.51","185.99","164.25","162.64","143.11","152.08","165.81","148.07","144.46","144.55","143.16","151.52","142.03","127.85","166.07","103.21","96.41","121.68","94.2","107.33","160.19","140.6","123.27","116.33","119.16","132.6","125.89","0","114.76","123.18","93.82","104.11","102.79","124.07","129.09","151.59","125.5","123.13","194.71"
"12/2023","148.43","155.72","137.52","125.92","149.62","160.41","151.45","121.04","122.17","144.64","135.33","176.84","159.14","132.37","154.96","156.89","154.66","160.37","152.28","190.89","178.76","167.29","143.05","157.03","168.68","151.83","147.09","145.44","147.69","151.47","142.38","129.07","165.88","104.5","96.49","121.96","93.87","107.91","160.54","141.91","122.72","117.02","118.58","132.61","125.47","150.66","114.77","123.13","97.14","104.09","104.61","123.96","129.82","151.5","125.9","123.63","194.75"
"11/2023","150.95","159.15","138.69","125.69","151.43","165.09","153.23","121.81","122.38","146.19","133.88","180.76","162.67","132.88","158.7","162.69","163.33","161.86","158.88","192.98","181.99","168.86","155.41","155.21","174.36","154.06","140.11","146.18","152.07","151.4","137.75","130.96","169.4","104.02","96.36","123.76","95.09","111.03","161.57","141.82","122.89","116.28","118.63","131.77","124.9","150.66","113.9","122.32","98.21","102.14","112.06","123.87","129.91","150.19","125.72","123.48","187.71"
"10/2023","154.14","163.09","140.78","125.36","154.32","169.83","156.85","123.05","121.94","144.91","132.84","185.4","168.57","147.03","163.18","165.43","172.3","171.25","152.49","197.97","184.81","174.46","162.29","162.57","178.16","159.78","148.68","148.43","152.99","151.41","139.32","136.69","170.15","103.68","98.09","124.6","96.31","111.53","165.48","144.48","123.35","116.97","118.37","130.84","125.31","143.75","112.79","122.55","100.87","105.6","112.68","123.77","131.32","153.16","125.43","122.85","191.82"
"09/2023","158.68","168.81","143.52","126.07","159.5","175.97","161.39","124.95","121.59","144.19","134","192.25","182.25","156.84","169.62","172.28","183.08","178.94","152.51","198.5","189.51","179.07","163.76","178.32","185.52","165.07","155.68","150.82","155.29","152.14","141.9","143.62","166.81","104.45","101.08","121.87","98.98","112.96","169.42","146.68","123.19","121.59","117.94","129.92","126.04","140.56","112.74","123.01","102.12","106.32","111.77","123.54","131.49","153.26","126.48","122.37","192.87"
"08/2023","164.25","176.26","146.29","126.51","165.53","184.51","165.86","125.26","122.87","146.33","135.47","205.38","193.5","162.4","180.53","176.44","193.28","182.9","162.54","205.21","197.34","192.27","176.68","188.46","196.19","168.92","150.01","153.73","156.69","151.89","146.42","149.99","172.72","101.41","103.67","124.88","99.26","114.06","171.01","146.55","122.68","121.88","117.58","129.51","125.46","144.27","113.71","122.11","104.25","109.68","112.73","122.47","130.85","153.17","127.12","122.59","180.67"
"07/2023","173.24","189.31","149.2","125.9","179.46","196.89","171.39","125.31","122.67","161.89","143.65","208.08","210.45","183.54","187.13","211.33","203.34","193.77","171.45","210.77","204.66","197.54","177.63","204.2","207.94","173.57","157.77","153.73","160.91","151.68","147.68","153.89","168.69","103.98","103.83","124.18","99.77","114.54","172.59","145.14","122.62","121.95","116.11","128.79","124.88","144.58","113.56","121.73","105.62","110.07","112.86","122.72","131.09","145.7","126.65","121.35","183.02"
"06/2023","185.87","209.12","151.11","125.5","205.51","211.89","174.74","125.71","122.81","192.17","168.25","227.58","238.35","198.91","205.06","232.93","206.66","210.37","197.65","216.13","212.33","203.27","193.42","237.2","218.73","176.02","149.65","154.83","164.09","151.71","150.08","155.06","167.85","109.22","105.34","117.88","100.28","115.61","175.77","144.29","122.13","122.78","115.23","126.79","124.51","141.11","113.82","121.06","107.53","110.14","114.29","121.96","132.63","152.29","126.58","119.85","183.02"
"05/2023","194.36","221.57","153.68","123.26","220","222.78","179.51","127.01","121.8","219.35","184.51","230.27","243.78","199.78","217.17","253.89","211.15","215.72","204.37","218.96","230.59","225.47","203.56","233.1","235.8","177.37","145.5","152.64","165.11","150.79","153.54","158.79","167.69","101.31","103.7","112.62","102.77","117.8","181.41","144.52","121.68","120.58","113.47","125.15","125.23","140.95","110.91","117.88","108.48","111.62","116.13","122.23","130.93","146.63","124.08","118.89","168.94"
"04/2023","204.11","237.51","154.17","122.25","246.85","230.32","181.23","126.33","120.69","237.94","254.87","241.54","268.51","222.66","223.08","254.69","225.64","221.43","223.69","222.17","243.08","230.36","214.79","232.26","243.25","176.1","145.79","151.93","162.75","149.4","151.68","159.07","167.98","100.66","106.17","111.19","102","119.26","182.44","142.75","119.93","119.44","112.14","122.68","122.9","139.39","111.63","117.34","107.37","110.35","116.24","119.87","127.87","142.51","123.14","118.49","143.34"
"03/2023","208.23","244.25","154.38","120.81","256.01","235.2","182.4","125.53","119.73","249.21","259.39","240.49","285.29","223.4","225.67","259","223.97","240.36","235.41","226.68","246","235.69","217.38","228.26","248.46","174.77","145.97","151.08","167.13","145.94","154.28","152.61","169.05","101.33","101.14","109.77","103.85","118.37","178.73","139.62","119.56","118.85","111.99","121.19","122.06","137.72","110.12","116.87","107.98","110.36","114.4","117.84","127.87","140.06","121.65","117.1","144.74"
"02/2023","212.95","252.54","153.77","120.29","265.32","242.7","181.97","124.8","118.86","259.83","265.27","247.21","295.22","233.84","234.49","263.12","231.76","255.05","246.18","230.29","245.64","237.74","233.68","234.95","251.58","172.44","141.09","150.18","166.26","143.34","154.16","151.13","168.45","98.9","100.66","108.64","103.29","118.71","178.62","137.87","118.75","115.65","112","120.93","120.53","136.07","108.58","115.62","107.11","111.34","116.08","115.67","127.76","139.04","120.64","118.4","140.88"
"01/2023","213.89","254.53","153.11","118.09","268.34","243.92","181.97","123.54","117.32","264.78","265.76","251.46","293.45","243.31","236.34","263.33","233.75","252.87","251.37","233.66","246.94","241.12","234.22","229.41","253.58","169.65","140.57","148.43","165.96","140.04","155.71","154.11","166.66","99.95","104.38","107.02","102.53","118.3","173.86","135.31","117.92","117.05","111.46","120.04","120.21","134.94","106.82","113.31","106.12","110.61","111.94","113.98","127.42","138.5","118","117.74","136.51"
"12/2022","215.12","256.76","152.85","117.69","271.13","245.71","182.02","123.01","116.64","266.29","267.76","249.73","301.55","244.26","238.93","265.92","234.01","265.68","242.73","235.68","246.23","244.08","231.24","229.42","254.69","167.73","140.77","147.32","165.43","138.82","155.87","160.19","166.28","98.75","103.89","105.75","102.33","118.83","170.72","134.99","117.61","117.47","111.2","118.96","119.75","134.66","106.48","112.19","105.67","110.77","111.17","113.1","127.09","134.92","117.67","117.11","136.69"
"11/2022","215.15","257.6","151.69","117.35","273.22","245.59","180.78","121.63","115.81","268.3","264.41","257.13","304.96","244.43","241.41","263.24","232.34","256.7","245","235.76","256.37","242.59","235.37","230.01","255.54","164.22","136.59","147.63","163.39","136.59","154.41","158.86","165.86","97.62","104.04","103.03","102.01","118","166.2","132.7","116.66","117.3","110.62","117.44","118.53","133.26","106.25","110.75","105.57","110.84","109.99","110.69","126.55","134.37","117.44","116.58","130.88"
"10/2022","216.05","259.43","151.19","115.4","272.13","249.67","180.89","119.79","115.18","263.56","264.68","253.65","305.72","253.34","242.59","287.31","232.47","256.38","240.32","235.16","253.18","241.93","232.92","246.97","258.08","161.05","132.39","144.78","163.59","135.71","153.3","163.16","175.59","97.29","104.34","102.04","102.36","116.18","157.34","131.36","115.31","116.82","109.56","116.08","118.26","133.67","105.95","109.83","104.9","109.14","109.41","109.38","126.1","132.48","115.21","115.55","129.98"
"09/2022","216.76","261.34","150.09","114.49","276.17","249.94","179.32","119.14","114.69","267.93","266.56","263.91","304.8","263.89","243.95","281.53","234.01","259.53","238.07","235.3","248.55","244.91","232.71","263.68","257.8","160.07","126.62","144.89","164.26","135.49","153.38","163.08","160.9","95.37","101.02","101.34","101.82","116.79","155.29","130.74","114.72","116.54","108.13","114.9","117.89","133.99","105.24","108.9","104.97","109.29","111.09","107.95","124.94","127.85","114.28","114.76","127.43"
"08/2022","218.27","265.32","147.91","112.33","281.14","253.15","176.2","118.01","113.61","277.58","263.43","265.94","309.57","266.23","243.52","286.75","241.45","263.74","246.91","229.38","251.79","245.46","240.42","262.96","256.56","156.06","122.99","143.56","160.63","130.07","150.7","160.49","143.23","95.52","100.23","100.29","100.97","116.66","153.04","129.55","112.97","115.59","107.38","113.52","116.35","132.83","105","108.24","103.55","107.99","109.57","106.89","123.37","125.91","111.88","113.38","127.38"
"07/2022","220.88","270.6","146.55","110.72","290.5","255.29","174.25","117.14","113.05","293.91","269.13","265.16","316.79","271.56","243.7","293.85","246.12","264.74","249.77","227.91","247.96","245.99","243.67","265.73","255.1","151.33","123.13","140.4","153.83","128.88","150.83","155.89","151.46","93.19","100.81","99.52","100.92","115.86","151.15","126.57","112.27","114.89","106.95","113.01","117.28","131.96","104.46","107.42","103.7","107.92","111.32","105.56","121.37","123.78","109.74","113.46","129.13"
"06/2022","224.15","277.09","144.98","109.74","300.85","258.82","172.1","115.71","112.61","319.88","267","274.68","311.64","279.29","245.02","301.42","247.37","275.56","272.13","223.42","255.98","242.02","224.07","265.46","255.68","148.04","121.38","136.55","150.22","128.08","135.31","152.48","150.82","96.16","98.7","98.08","100.18","114.85","146.52","125.08","112.07","114.67","106.06","111.8","114.67","130.86","104.72","107.21","103.75","108.35","108.81","104.98","121.67","122.5","108.77","112.44","128.25"
"05/2022","222.95","277","142.12","109.39","299.53","259.68","167.93","114.16","111.42","317.62","290.51","262.28","302.08","281.31","244","301.31","240.68","272.27","279.43","220.76","261.01","233.62","260.75","268.21","249.28","141.7","118.54","133.05","151.85","126.83","128.94","150.95","145.85","94.23","97.52","98.16","100.2","114.87","139.02","123.15","111.45","111.69","105.88","111.36","114.15","129.21","104.2","106.33","103.16","107.4","107.38","104.63","118.1","120.13","108.33","112.59","122.26"
"04/2022","209.75","257.94","137.69","107.12","279.45","241.39","160.87","112.95","109.77","299.18","266.89","232.37","281.55","272.43","217.19","273.24","223.68","257.39","274.9","207.64","232.88","244.12","239.71","251.83","238.12","133.88","116.57","125.1","145.04","122.49","128.98","145.26","133.14","94.09","97.17","97.85","100.85","111.18","139.84","119.31","109.92","110.89","104.72","109.63","113.61","125.91","103.68","105.26","102.77","107.39","102.26","105.01","115.1","117.25","106.46","109.09","116.27"
"03/2022","188.6","226.78","131.52","105.59","242.97","214.32","151.39","110.13","107.77","258.78","234.72","207.15","233.59","259.65","196.21","250.44","201.96","236.73","227.76","195.36","193.6","205.46","187.48","230.07","223.52","125.94","112.47","118.92","138.12","115.94","118.86","133.84","112.9","93.9","96.54","96.95","100.04","107.78","132.09","116.79","107.25","108.48","103.86","108.6","109.67","123.39","102.41","104.71","101.9","101.03","102.83","103.82","112.35","111.39","104.9","107.83","109.81"
"02/2022","184.09","222.1","127.25","105.95","239.1","209.03","144.8","108.58","106.06","256.94","231.45","206.7","223.04","259.72","194","242.77","202.33","215.73","234.61","186.66","194.36","199.26","187.14","210.55","210.35","118.91","110.57","115.69","134.12","110.27","116.1","125.92","116.72","93.21","96.84","96.66","99.97","105.12","127.55","115.12","106.49","106.14","103.81","108.38","108.54","119.84","101.63","104.28","101.09","100.84","101.65","103.78","105.27","108.48","105.53","107.2","111.04"
"01/2022","177.66","215.06","121.74","105.35","231.3","202.57","136.29","106.6","103.91","250.44","223.6","197.86","213.68","252.23","184.59","231.62","197.66","215.23","232.35","181.61","188.02","191.59","182.82","202.16","192.62","115.51","105.03","112.16","129.2","106.87","109.79","123.23","101.66","91.3","96.91","95.96","99.78","103.19","121","111.49","105.47","104.62","103.83","107.11","107.6","111.47","100.62","103.98","100.98","100.89","101.43","103.47","103.21","105.11","105.06","106.28","107.75"
"12/2021","167.51","200.73","117.83","105.01","217.16","188.1","129.88","105.23","103.1","234.29","238.06","180.17","200","210.52","176.67","212.66","184.48","192.99","203.8","168.34","173.7","182.44","181.48","190.83","177.15","112.54","106.47","110.76","121.68","106.3","109.45","111.49","100.7","91","95.54","95.35","98.84","102.17","116.33","110.37","104.37","104","103.79","106.95","106.25","108.92","100.14","103.02","101.36","99.52","101.7","103.54","102.64","104.65","104.6","106.28","108.98"
"11/2021","152.42","178.64","113.2","104.37","191.38","168.84","121.75","104.35","102.66","204.69","177.86","171.47","190.21","185.94","161.11","189.86","160.81","175.72","181.87","157.09","161.76","168.92","154.46","158.06","154.73","108.63","106.44","110.16","118.92","105.7","109.5","106.25","98.03","90.15","95.54","95.42","99.04","101.38","113.55","107.38","104.29","103.8","103.72","106.54","105.78","107.25","100.04","102.44","102.22","100.36","100.44","103.31","100.99","104.34","104.1","105.03","112.92"
"10/2021","139.27","160.19","107.99","103.92","167.07","154.9","112.33","103.78","102.39","171.42","153.06","166.07","169.04","165.93","149.61","166.27","152.35","162.3","150.77","151.52","156.35","152.15","153.76","141.08","129.02","106.27","104.48","108.29","111.57","105.63","105.3","104","99.61","89.68","95.33","93.87","99.72","101.89","109.75","106.1","103.38","103.14","103.11","106.17","106.61","106.37","99.59","102.04","102.08","100.04","100.97","103.16","103.07","103.08","103.72","104.41","110.54"
"09/2021","134.41","152.96","106.66","102.86","158.2","148.93","110.09","103.44","102.15","161.14","150.52","163.88","157.35","152.96","143.28","154.83","142.88","157.71","150.14","148.38","153.76","149.8","148.7","137.84","123.52","104.83","104.65","106.82","107.47","105.25","103.97","102.77","99.55","97.64","95.51","93.13","100.2","101.7","108.83","105.84","102.4","103.21","102.6","105.17","105.16","106.04","99.97","101.39","101.75","100.34","100.96","103.08","101.33","102.91","102.36","104.37","109.54"
"08/2021","127.13","141.58","105.52","103.29","146.13","138.09","108.2","102.75","102.19","153.82","139.39","155.09","138.81","134.03","134.91","141.74","133.61","145.66","144.13","137.71","144.46","133.51","127.44","132.83","117.81","104.81","104.23","105.77","107.64","104.75","102.55","101.5","100.26","102.73","92.45","96.71","99.75","101.21","105.96","105.41","102.43","103.18","102.29","104.66","104.59","105.58","100.38","101.47","102.25","98.61","101.67","103.23","101.4","103.77","103.01","103.64","120.74"
"07/2021","119.31","129.37","104.25","102.79","133.08","126.52","106.01","102.41","102.09","139.56","130.18","143.76","121.92","127.73","123.61","130.03","119.41","133.19","132.36","126.09","132.79","118.24","125.87","124.84","112.12","103.64","102.64","105.16","105.62","104.43","103.17","101.06","100.49","102.73","97.19","96.89","99.67","101.28","104.65","104.42","102.96","103.27","102.16","104.08","103.63","104.99","100.27","101.32","102.26","100.02","101.98","102.67","100.74","103.52","102.53","103.41","110.71"
"06/2021","114.22","121.71","103.01","102.15","123.19","120.58","103.82","101.89","102.25","133.01","117.2","133.92","109.07","116.71","119.88","124.93","112.99","127.1","126.11","116.94","125.15","112.8","119.87","116.61","106.56","102.56","104.1","104.47","104.21","103.54","101.8","99.38","99.63","101.24","98.09","96.83","99.89","100.83","102.69","104.13","102.08","102.98","101.58","103.53","103.04","104.52","100.5","102.34","101.99","102.5","101.14","102.56","100.12","103.34","101.88","102.7","112.33"
"05/2021","111.87","118.31","102.24","101.71","119.46","117.42","102.68","101.63","101.85","127.93","119.95","131.18","104.11","111.28","116","118.79","111.7","123.79","122.81","116.24","126.53","111.12","113.88","111.84","104.48","101.58","103.09","103.5","102.17","103.15","101.48","99.97","100.38","100.74","98.1","96.77","100.97","100.54","101.9","103.29","101.66","101.71","101.2","102.61","102.29","103.75","100.2","102.14","101.71","100.93","101.31","102.56","100.32","103.01","101.64","101.97","101.18"
"04/2021","110.08","115.88","101.4","101.32","117.47","114.66","101.54","101.06","101.4","125.6","119.51","123.01","104.8","109.11","114.35","117","109.59","122.24","118.87","112.66","119","107.38","107.68","113.02","102.74","100.77","102.93","101.78","100.94","102.15","99.92","99.78","99.52","100.46","97.47","95.89","100.39","100.64","101.69","102.39","100.73","101.66","99.93","101.55","101.23","103.16","100.16","101","100.84","101.4","100.86","102.55","100.94","101.72","101.28","101.3","105.94"
"03/2021","106.03","109.58","100.74","100.49","110.32","109","100.66","100.67","100.97","113.54","117.76","115.73","102.19","102.06","105.47","112.51","106.31","116.03","111.05","108.1","110.47","105.2","104.87","108.3","101.06","99.71","102.94","100.78","100.44","100.93","99.84","99.28","100.15","100.48","97.69","96.85","99.89","100.32","101.79","102.11","99.91","100.58","100.25","101.01","100.84","102.15","100","100.5","100.8","101.13","100.97","102.09","100.28","100.86","100.41","100.67","103.33"
"02/2021","101.21","101.91","100.18","100.36","102.11","101.75","100.08","100.23","100.32","102.46","100.14","104.62","102.38","99.91","101.04","101.58","100.93","102.55","102.59","101.9","101.05","101.69","101.7","105.54","100.08","99.87","100.16","99.89","100.29","100.87","100.34","99.8","99.19","100.53","100.31","100","99.79","100.36","100.86","100.54","99.61","100.35","100.07","100.35","100.71","101.07","100.2","99.97","100.24","99.73","100.32","101.12","99.35","100.47","100.43","100.12","100.38"
"01/2021","100","100","100","100","100","100","100","100","100","100","100","100","100","100","100","100","100","100","100","100","100","100","100","100","100","100","100","100","100","100","100","100","100","100","100","100","100","100","100","100","100","100","100","100","100","100","100","100","100","100","100","100","100","100","100","100","100"
"12/2020","99.64","99.49","99.92",,"99.81","99.23","100.11","99.62","99.77","98.56","103.43","99.79","100.23","98.78","99.35","98.08","98.79","101.14","97.07","100.32","99.19","99.21","99.82","101.5","99.74","99.63","97.41","100.22","100.71","99.84","99.68","99.75","99.19","100.86","101.1","100","99.91","100.15","99.02","99.43","99.38","98.98","99.94","99.02","100.5","99.39","99.65","99.9","99.54","100.46","100.8","99.65","99.3","100.01","0","0","0"
"11/2020","99.29","99","99.82",,"99.73","98.43","100.05","99.32","99.74","99.03","102.29","97.96","100.44","99.36","98.58","97.84","100.12","99.66","95.73","99.5","98.48","98.43","97.69","95.7","99.65","99.72","97.22","100.14","100.36","99.74","99.1","100.75","99.05","100.8","101.25","100","99.76","99.43","98.39","99.11","99.68","98.72","100.04","98.6","100.19","98.53","99.62","99.99","99.78","100.47","100.55","99.7","100.55","100.5","0","0","0"
"10/2020","98.86","98.51","99.49",,"99.16","97.99","99.81","98.9","99.3","99.04","97.1","96.86","101.48","99.84","97.96","97.87","98.54","98.99","98.24","97.81","98.1","97.31","98.14","95.1","99.55","99.65","95.53","99.8","99.66","99.81","98.41","99.86","98.54","100.71","101.85","104.44","98.48","99.1","98.82","98.52","99.43","98.36","100.1","98.44","100.07","97.76","100.12","99.41","99.39","99.83","100.22","99.65","99.47","99.3","0","0","0"
"09/2020","99.58","99.77","99.24",,"101.41","98.49","99.81","98.24","98.85","101.8","102.21","97.31","103.09","99.72","97.59","98.16","99.32","102.19","99.26","98.63","97.8","97.06","97.17","95.19","99.62","99.21","98.71","100.6","99.02","99.22","99.08","101.04","98.2","100.24","102.23","93.61","97.91","98.82","98.05","98.58","98.55","96.65","99.87","96.54","99.65","97.31","100.14","98.9","98.99","98.61","99.21","99.67","99.25","98.67","0","0","0"
"08/2020","100.15","101.16","98.31",,"102.91","99.79","98.28","98.19","98.49","102.95","102.02","98.24","106.31","101.59","98.35","100.68","99.29","105.39","99.36","100.38","98.58","98.41","98.72","95.68","100.02","98.89","98.65","100.2","98.49","99.3","98.8","102.95","98.29","102.34","101.96","94.13","98.49","98.62","99.33","97.82","98.65","94.92","100.06","94.85","99.3","96.59","99.62","98.41","99.15","98.14","99.27","99.13","100.38","97.45","0","0","0"
"07/2020","101.33","102.83","98.6",,"104.85","101.26","99.39","97.66","97.7","104.29","108.49","100.04","106.66","103.48","100.94","102.36","100.27","106.84","100.38","101.55","100.94","99.64","98.44","95.57","99.2","98.32","99.26","98.2","99.63","98.78","98.01","102.28","98.06","102.34","101.71","90.29","98.2","97.67","99.64","97.26","97.97","94.53","98.76","93.43","98.89","96.04","98.49","97.14","99.02","97.63","99.1","98.51","98.3","96.37","0","0","0"
"06/2020","101.92","104.09","97.97",,"106.08","102.54","99.22","96.65","96.39","104.98","107.74","102.7","109.16","104.98","102.32","104.17","100.37","108.65","102.98","103.15","102.03","100.46","99.17","95.5","99.78","98.91","98.61","97.27","98.75","98","97.14","100.52","98.31","99.66","101.71","91.26","97.41","97.1","98","96.26","96.59","93.31","98.15","92.59","97.81","95.43","98.11","94.69","97.76","97.49","96.54","97.24","97.9","92.37","0","0","0"
"05/2020","101.74","104.26","97.17",,"105.97","102.92","98.6","95.27","95.72","105.36","106.9","102.7","109.32","103.16","100.8","105.45","101.08","109.35","103.82","103.92","103.02","100.52","100.94","95.05","98.98","97.98","98.46","96.63","97.62","96.35","94.94","100.99","96.47","98.43","104.97","96.87","96.68","95.48","94.42","95.36","94.57","91.55","98.24","92.92","96.71","93.32","97.16","96.82","97.81","96.62","95.44","95.95","97.22","89.79","0","0","0"
"04/2020","100.43","102.91","95.96",,"104.48","101.67","97.69","94.31","93.61","103.06","104.59","102.95","108.88","101.59","100.28","102.99","98.96","108.02","104.47","103.64","102.83","99.54","100.44","89.88","97.88","96.43","98.74","94.74","96.82","94.59","93.91","99.71","94.88","101.95","102.71","98.36","95.22","94.12","94.84","94.15","93.62","90.16","98.65","92.28","95.21","91.53","94.48","92.23","96.2","94.95","94.81","93.38","97.62","88.87","0","0","0"
"03/2020","96.41","97.81","93.87",,"99.25","96.68","94.71","93.52","92.35","98.34","96.55","100.1","103.02","96.85","96.07","97.93","94.96","100.44","98.42","96.48","96.76","93.76","98.96","89.61","96.95","95.71","96.83","94.35","96.37","92.09","91.8","99.63","94.56","59.76","99.95","89.65","95.18","93.18","92.64","92.64","93.5","89.41","98.22","91.95","94.4","90.07","94.17","88.83","95.75","94.43","95.29","91.61","96.49","86.81","0","0","0"
"02/2020","96.01","97.34","93.6",,"98.68","96.29","94.41","93.56","91.91","97.43","97.28","99.27","101.96","97.28","95.7","97.99","94.6","100.33","97.9","95.53","96.88","92.67","97.57","89.5","96.82","95.51","95.62","94.18","96.39","92.31","91.74","97.04","95.42","60.33","100.33","87.07","94.96","93.32","93.11","92.88","93.17","89.55","98.75","91.92","94.03","89.45","94.02","88.68","95.66","93.98","94.77","90.1","95.59","86.4","0","0","0"
"01/2020","96.18","97.69","93.45",,"99.51","96.27","94.28","93.38","91.72","98.13","100.74","99.75","101.83","97.64","95.1","98.05","94.27","100.5","98.32","96.27","97.09","92.97","97.05","89.57","97.13","95.5","94.3","93.84","96.07","91.92","92.17","97.33","94.87","59.75","100.84","86.33","94.84","93.8","91.82","92.83","92.98","89.72","98.5","92.03","93.46","89.29","94.07","89.07","95.59","93.38","94.64","88.86","94.86","85.82","0","0","0"
"12/2019","96.25","97.77","93.5",,"99.46","96.45","94.55","93.37","91.37","97.69","100.94","100.01","102.03","97.8","95.97","97.9","94.3","100.79","98.01","96.33","97.9","93.1","96.54","89.39","97.4","95.69","94.04","94.29","96.06","92.16","92.33","99.63","95.05","60.33","101.44","85.58","94.57","93.96","92.4","92.58","93.09","90.01","99.01","91.85","92.41","89.27","93.84","88.78","94.48","93.77","93.69","89.02","93.86","85.66","0","0","0"
"11/2019","96.47","98.23","93.3",,"100.16","96.72","94.49","93.24","90.8","98.97","99.43","101.16","102.9","98.34","95.51","97.21","94.39","103.2","97.99","96.54","100.86","92.86","95.86","89.69","97.45","95.25","94.96","93.64","96.37","92.04","91.59","101.68","95.34","58.38","101.3","84.55","94.52","92.96","92.48","92.73","92.71","89.65","100.87","91.36","92.37","88.93","93.02","87.25","94.46","93.4","93.76","88.4","93.12","85.27","0","0","0"
"10/2019","96.51","98.25","93.36",,"100.49","96.49","94.54","93.47","90.72","99.88","99.76","102.18","102.12","98.14","94.21","97.63","94.3","103.81","97.62","96.49","99.18","92.6","95.76","91.42","97.62","95.31","94.78","93.72","96.17","92.01","91.71","101.41","95.59","58.38","102.76","83.63","95.37","93.09","92.61","92.94","91.98","89.38","102.08","91.36","92.33","88.73","93.41","86.95","94.3","93.54","93.71","88.32","92.68","85.18","0","0","0"
"09/2019","96.66","98.48","93.38",,"100.85","96.62","94.6","93.53","90.63","100.5","100.04","102.11","102.31","98.51","94.03","98.31","95.23","104.08","97.99","96.95","97.36","92.95","96.14","89.35","98.11","95.45","94.91","93.12","95.58","91.95","91.82","101.38","95.5","58.38","102.28","82.84","95.82","92.84","92.48","92.97","91.46","89.61","103.18","91.36","92.06","88.54","93.17","86.59","94.05","93.83","93.55","88.88","93.22","85.06","0","0","0"
"08/2019","97.01","99.11","93.19",,"101.57","97.2","94.43","93.22","90.53","100.95","101.23","102.5","103.46","99.02","94.07","100.14","95.21","105.37","99.05","96.76","97.24","91.91","97.39","90.89","98.06","95.42","94.78","92.29","94.74","91.85","90.84","101.48","95.24","59.64","102.44","82.59","94.09","92.83","92.56","93.06","91.69","89.54","104.22","91.41","91.87","88.16","93.31","86.24","94.12","94.34","93.62","88.75","92.58","85.04","0","0","0"
"07/2019","96.56","98.48","93.08",,"101.18","96.36","94.5","93","90.1","101.74","98.23","103.11","102.08","98.71","94.13","97.84","94.92","102.94","98.41","96.2","98.79","91.99","96.96","87.41","98.14","95.67","95.22","92.16","94.81","91.69","90.07","101.83","95.33","59.01","101.72","84.25","93.8","92.51","92.67","92.42","91.17","89.22","105.65","91.14","91.59","87.56","92.04","86.81","94.24","93.56","93.52","87.45","91.49","85.28","0","0","0"
"06/2019","95.54","97.08","92.75",,"99.47","95.22","94.22","92.67","89.67","99.35","98.31","102.41","99.54","97.89","93","97.29","93.77","101.56","94.94","94.71","96.8","90.38","96.19","91.13","98.16","95.44","94.21","92.05","94.16","90.93","90.38","102.93","95.01","58.96","101","81.12","92.48","92.21","92.42","92.35","91.54","89.24","106.69","90.54","91.6","87.08","91.57","86.44","93.75","93.66","93.43","86.5","90.33","85.16","0","0","0"
"05/2019","95.09","96.63","92.32",,"98.54","95.13","93.92","92.42","88.82","98.54","98.89","101.55","97.79","96.28","91.99","97.57","94.17","100.9","97.28","94.84","96.38","89.94","95.08","90.67","98.39","95.36","94.87","91.04","92.2","89.89","90.34","103.81","95.03","58.38","101.98","75.07","91.54","91.82","92.69","92.16","91.11","88.78","108.63","90.24","91.62","86.58","90.35","84.55","93.62","93.37","92.89","84.81","90.02","84.51","0","0","0"
"04/2019","95.34","97.27","91.85",,"99.19","95.77","93.62","91.63","88.23","100.86","96.3","100.93","98.52","96.02","92.39","99.23","93.71","101.73","100.23","94.68","95.97","89.75","95.8","91.3","98.19","95.69","93.92","91.05","90.98","89.26","88.71","103.79","95.66","58.38","102.3","74.69","88.63","92.2","92.36","91.91","91.14","87.29","109.41","89.94","91.53","85.76","89.81","84.57","93.58","92.27","92.93","81.78","89.43","84.19","0","0","0"
"03/2019","95.22","97.22","91.58",,"99.49","95.45","93.51","91.24","87.72","101.92","96.57","100.47","97.96","96.32","92.83","98.96","94.05","102.29","96.88","94.44","95.27","88.95","95.07","90.99","98.19","95.85","94.29","90.87","90.54","89.26","87.66","103.84","95.87","58.38","103.13","71.42","87.57","91.02","91.98","91.86","91.08","86.56","112.94","89.43","91.3","85.5","90.02","83.33","93.44","92.33","92.21","80.2","87.75","83.82","0","0","0"
"02/2019","94.06","95.59","91.29",,"98.04","93.68","93.34","90.64","87.43","99.41","94.6","100.22","97.49","96.11","91.9","94.98","92.52","99.03","99.67","92.13","93.71","87.72","93.68","87.62","98.01","96.02","94.77","90.67","89.73","88.92","86.19","102.51","94.74","58.38","102.97","74.51","86.5","90.97","90.57","91.68","90.9","85.91","112.39","89.3","90.76","85.24","89.41","82.97","92.9","92.77","92.15","80.44","87.05","83.71","0","0","0"
"01/2019","92.72","93.49","91.31",,"95.64","91.81","93.51","90.47","87.3","96.73","92.07","99.5","94.26","94.91","90.08","92.72","90.32","99.37","94.07","89.95","92.4","84.89","93.62","88.74","97.48","96.27","94.86","90.98","89.48","89.61","86.69","106.03","95.92","58.38","102.91","75.82","85.8","90.54","90.73","91.58","90.77","86.04","112.74","89.47","91.2","85.05","89.69","83.39","92.81","92.02","91.8","80.17","85.39","83.87","0","0","0"
"12/2018","90.67","90.36","91.24",,"91.57","89.41","93.56","90.3","87.04","92.37","86.27","96.36","91.33","90.73","89.24","91.81","86.45","94.57","92.57","87.69","89.86","83.32","90.19","82.78","97.89","95.91","95.59","90.59","88.3","89.54","86.14","107.65","94.77","58.38","104.21","75.81","85.61","90.34","90.79","91.3","90.39","85.26","112.75","89.1","92.04","84.67","88.91","82.84","93.01","90.97","92.52","80.13","85.94","83.91","0","0","0"
